[





{"name":"推荐",
"list":[

            {
                "name": "jjjzhy仓库",
                "url": "https://gitee.com/yu_shan_fei/vvvzhy/raw/zby/yu/jjjzhy.jpg",
            
                "version": "jjjzhy/vvvzhy","icon":"https://gitee.com/yu_shan_fei/vvvzhy/raw/zby/yu/vvvzhy.jpg","copy":"https://gitee.com/yu_shan_fei/vvvzhy/raw/zby/yu/jjjzhy.jpg"
            },
            
            {
                "name": "jjjzhy仓库",
                "url": "https://daili.korice.eu.org/https://raw.githubusercontent.com/vvvvzhy/xjj/refs/heads/hy/new/jjjzhy.jpg",
            
                "version": "vvvzhy","icon":"https://daili.korice.eu.org/https://raw.githubusercontent.com/vvvvzhy/xjj/refs/heads/hy/new/vvvzhy.jpg","copy":"https://daili.korice.eu.org/https://raw.githubusercontent.com/vvvvzhy/xjj/refs/heads/hy/new/xjj.jpg"
            },



{"name":"🚥洪宇正片包🚥","url":"https://daili.korice.eu.org/https://raw.githubusercontent.com/vvvvzhy/vvvzhy/refs/heads/yu/0924/yu.zip","version":"洪宇的vvvvzhy/vvvzhy","icon":"https://daili.korice.eu.org/https://raw.githubusercontent.com/qq859/cj/refs/heads/main/%E5%9B%BE%E7%89%87/HY18.png","copy":"https://daili.korice.eu.org/https://raw.githubusercontent.com/vvvvzhy/vvvzhy/refs/heads/yu/0924/yu.zip"},
  

{"name":"🚥洪宇油管本地包🚥","url":"https://cors.isteed.cc/https://raw.githubusercontent.com/vvvvzhy/xjj/refs/heads/hy/api.zip","version":"洪宇的vvvvzhy/xjj","icon":"https://daili.korice.eu.org/https://raw.githubusercontent.com/qq859/cj/refs/heads/main/%E5%9B%BE%E7%89%87/HY18.png","copy":"https://cors.isteed.cc/https://raw.githubusercontent.com/vvvvzhy/xjj/refs/heads/hy/api.zip"},

{"name":"yqk3","url":"https://daili.korice.eu.org/https://raw.githubusercontent.com/vvvvzhy/xjj/refs/heads/hy/yqk3.m3u","version":"vvvvzhy/xjj","icon":"https://daili.korice.eu.org/https://raw.githubusercontent.com/qq859/cj/refs/heads/main/%E5%9B%BE%E7%89%87/HYTV.png","copy":"https://daili.korice.eu.org/https://raw.githubusercontent.com/vvvvzhy/xjj/refs/heads/hy/yqk3.m3u"},

{"name":"jjjjzhy压缩包","url":"https://daili.korice.eu.org/https://raw.githubusercontent.com/jjjzhy/vvvzhy/refs/heads/yu/tvbox.zip","version":"vvvvse/0924压缩包","icon":"https://daili.korice.eu.org/https://raw.githubusercontent.com/qq859/cj/refs/heads/main/%E5%9B%BE%E7%89%87/HYTV.png","copy":"https://daili.korice.eu.org/https://raw.githubusercontent.com/jjjzhy/vvvzhy/refs/heads/yu/tvbox.zip"},  

{"name":"llllse/1993更新包","url":"https://daili.korice.eu.org/https://raw.githubusercontent.com/llllse/1993/refs/heads/main/tvbox.zip","version":"洪宇0917更新包","icon":"https://daili.korice.eu.org/https://raw.githubusercontent.com/qq859/cj/refs/heads/main/%E5%9B%BE%E7%89%87/HYTV.png","copy":"https://daili.korice.eu.org/https://raw.githubusercontent.com/llllse/1993/refs/heads/main/tvbox.zip"},


{"name":"码云tvbox包","url":"https://gitee.com/yu_shan_fei/zby/raw/main/tvbox.zip","version":"洪宇的网络爬虫","icon":"https://daili.korice.eu.org/https://raw.githubusercontent.com/qq859/cj/refs/heads/main/%E5%9B%BE%E7%89%87/HYTV.png","copy":"https://gitee.com/yu_shan_fei/zby/raw/main/tvbox.zip"},



{"name":"jjjzhy/vvvzhy","url":"https://daili.korice.eu.org/https://raw.githubusercontent.com/jjjzhy/vvvzhy/refs/heads/yu/tvbox.zip","version":"tvbox.zip","icon":"https://daili.korice.eu.org/https://raw.githubusercontent.com/qq859/cj/refs/heads/main/%E5%9B%BE%E7%89%87/HYTV.png","copy":"https://daili.korice.eu.org/https://raw.githubusercontent.com/vvvvse/yu/refs/heads/yu/tvbox.zip"},
{"name":"网络llllse/hyyy","url":"https://daili.korice.eu.org/https://raw.githubusercontent.com/llllse/hyyy/refs/heads/main/yu/tvbox2.zip","version":"压缩包2","icon":"https://daili.korice.eu.org/https://raw.githubusercontent.com/qq859/cj/refs/heads/main/%E5%9B%BE%E7%89%87/HYTV.png","copy":"https://daili.korice.eu.org/https://raw.githubusercontent.com/llllse/hyyy/refs/heads/main/yu/tvbox2.zip"},
{"name":"本地llllse/hyyy","url":"https://daili.korice.eu.org/https://raw.githubusercontent.com/llllse/hyyy/refs/heads/main/yu/tvbox3.zip","version":"压缩包3","icon":"https://daili.korice.eu.org/https://raw.githubusercontent.com/qq859/cj/refs/heads/main/%E5%9B%BE%E7%89%87/HYTV.png","copy":"https://daili.korice.eu.org/https://raw.githubusercontent.com/llllse/hyyy/refs/heads/main/yu/tvbox3.zip"}




]
},



{"name":"zip本地包丨增量包",
"list":[

{"name":"直播增量包","url":"https://cors.isteed.cc/https://raw.githubusercontent.com/vvvvzhy/vvvzhy/refs/heads/yu/zip/live.zip","version":"vvvvzhy/vvvzhy","icon":"https://daili.korice.eu.org/https://raw.githubusercontent.com/qq859/cj/refs/heads/main/%E5%9B%BE%E7%89%87/HYTV.png","copy":"http://127.0.0.1:9978/file/Download/yu/api.json"}


]
},


{"name":"网络接口",
"list":[



            {
                "name": "基本老三样增量荐片",
                "url": "https://daili.korice.eu.org/https://raw.githubusercontent.com/jjjzhy/vvvzhy/refs/heads/yu/api.json",
            
                "version": "老三样增量荐片","icon":"https://daili.korice.eu.org/https://raw.githubusercontent.com/qq859/cj/refs/heads/main/%E5%9B%BE%E7%89%87/HYTV.png","copy":"https://daili.korice.eu.org/https://raw.githubusercontent.com/jjjzhy/vvvzhy/refs/heads/yu/api.json"
            },
            {
                "name": "老三样荐片",
                "url": "https://daili.korice.eu.org/https://raw.githubusercontent.com/vvvvse/yu/refs/heads/yu/api.json",
            
                "version": "vvvvse/yu","icon":"https://daili.korice.eu.org/https://raw.githubusercontent.com/qq859/cj/refs/heads/main/%E5%9B%BE%E7%89%87/HYTV.png","copy":"https://daili.korice.eu.org/https://raw.githubusercontent.com/vvvvse/yu/refs/heads/yu/api.json"
            },
            {
                "name": "基本测试接口",
                "url": "https://daili.korice.eu.org/https://raw.githubusercontent.com/vvvvzhy/xjj/refs/heads/hy/api.txt",
            
                "version": "老三样网络","icon":"https://daili.korice.eu.org/https://raw.githubusercontent.com/qq859/cj/refs/heads/main/%E5%9B%BE%E7%89%87/HYTV.png","copy":"https://daili.korice.eu.org/https://raw.githubusercontent.com/vvvvzhy/xjj/refs/heads/hy/api.txt"
            },
            {
                "name": "采集之王4K接口",
                "url": "https://daili.korice.eu.org/https://raw.githubusercontent.com/vvvvzhy/vvvzhy/refs/heads/yu/api.json",
            
                "version": "4K荐片采集之王","icon":"https://daili.korice.eu.org/https://raw.githubusercontent.com/qq859/cj/refs/heads/main/%E5%9B%BE%E7%89%87/HYTV.png","copy":"https://daili.korice.eu.org/https://raw.githubusercontent.com/vvvvzhy/vvvzhy/refs/heads/yu/api.json"
            },
{"name":"vvvvse/yu","url":"https://daili.korice.eu.org/https://raw.githubusercontent.com/vvvvse/yu/refs/heads/yu/api.json","version":"必备+荐片","icon":"https://daili.korice.eu.org/https://raw.githubusercontent.com/qq859/cj/refs/heads/main/%E5%9B%BE%E7%89%87/HYTV.png","copy":"https://daili.korice.eu.org/https://raw.githubusercontent.com/vvvvse/yu/refs/heads/yu/api.json"},  
{"name":"vvvvzhy/xjj","url":"https://cors.isteed.cc/https://raw.githubusercontent.com/vvvvzhy/xjj/refs/heads/hy/api.txt","version":"必备+油管","icon":"https://daili.korice.eu.org/https://raw.githubusercontent.com/qq859/cj/refs/heads/main/%E5%9B%BE%E7%89%87/HY18.png","copy":"https://cors.isteed.cc/https://raw.githubusercontent.com/vvvvzhy/xjj/refs/heads/hy/api.txt"},

            {
                "name": "hb092433/1993[正片]",
                "url": "https://daili.korice.eu.org/https://raw.githubusercontent.com/hb092433/1993/refs/heads/1993/zp.json",
            
                "version": "网络正片/18[正片]","icon":"https://daili.korice.eu.org/https://raw.githubusercontent.com/qq859/cj/refs/heads/main/%E5%9B%BE%E7%89%87/HYTV.png","copy":"https://daili.korice.eu.org/https://raw.githubusercontent.com/hb092433/1993/refs/heads/1993/zp.json"
            },
            {
                "name": "hb092433/1993[18]",
                "url": "https://daili.korice.eu.org/https://raw.githubusercontent.com/hb092433/1993/refs/heads/1993/18.json",

                "version": "网络正片/18[18]","icon":"https://daili.korice.eu.org/https://raw.githubusercontent.com/qq859/cj/refs/heads/main/%E5%9B%BE%E7%89%87/HYTV.png","copy":"https://daili.korice.eu.org/https://raw.githubusercontent.com/hb092433/1993/refs/heads/1993/18.json"
            },
            {
                "name": "hb092433/1",
                "url": "https://daili.korice.eu.org/https://raw.githubusercontent.com/hb092433/1/refs/heads/1993/1993/hy.json",

                "version": "直播大秀","icon":"https://daili.korice.eu.org/https://raw.githubusercontent.com/qq859/cj/refs/heads/main/%E5%9B%BE%E7%89%87/HYTV.png","copy":"https://daili.korice.eu.org/https://raw.githubusercontent.com/hb092433/1/refs/heads/1993/1993/hy.json"
            },
            {
                "name": "vvvvzhy/xjj[18]",
                "url": "https://daili.korice.eu.org/hhttps://raw.githubusercontent.com/vvvvzhy/xjj/refs/heads/hy/18.json",

                "version": "科学加墙内[18]","icon":"https://daili.korice.eu.org/https://raw.githubusercontent.com/qq859/cj/refs/heads/main/%E5%9B%BE%E7%89%87/HYTV.png","copy":"https://daili.korice.eu.org/https://raw.githubusercontent.com/vvvvzhy/xjj/refs/heads/hy/18.json"
            },
            {
                "name": "hb092433/1993",
                "url": "https://raw.githubusercontent.com/hb092433/1/refs/heads/1993/1993/hy.jsonzp",
            
                "version": "≡🔞洪宇【正片/18】≡","icon":"https://daili.korice.eu.org/https://raw.githubusercontent.com/qq859/cj/refs/heads/main/%E5%9B%BE%E7%89%87/HYTV.png","copy":"https://raw.githubusercontent.com/hb092433/1/refs/heads/1993/1993/hy.jsonzp"
            },
  {"name":"洪宇影视合集","url":"https://cors.isteed.cc/https://raw.githubusercontent.com/469548405/xiaosa/refs/heads/master/xiaosa/all.txt","version":"hb092433网络合集","icon":"https://daili.korice.eu.org/https://raw.githubusercontent.com/qq859/cj/refs/heads/main/%E5%9B%BE%E7%89%87/HYTV.png","copy":"https://cors.isteed.cc/https://raw.githubusercontent.com/469548405/xiaosa/refs/heads/master/xiaosa/all.json"},
{"name":"🔞洪宇19.json🔞","url":"https://daili.korice.eu.org/https://raw.githubusercontent.com/jjjzhy/vvvzhy/refs/heads/yu/19.json","version":"jjjjzhy/[18合集]","icon":"https://daili.korice.eu.org/https://raw.githubusercontent.com/qq859/cj/refs/heads/main/%E5%9B%BE%E7%89%87/HY18.png","copy":"https://daili.korice.eu.org/https://raw.githubusercontent.com/jjjzhy/vvvzhy/refs/heads/yu/19.json"},

{"name":"🔞洪宇影视18+🔞","url":"https://cors.isteed.cc/https://raw.githubusercontent.com/469548405/xiaosa/refs/heads/master/xiaosa/18.json","version":"469548405/fun2[单源]","icon":"https://daili.korice.eu.org/https://raw.githubusercontent.com/qq859/cj/refs/heads/main/%E5%9B%BE%E7%89%87/HY18.png","copy":"https://cors.isteed.cc/https://raw.githubusercontent.com/469548405/xiaosa/refs/heads/master/xiaosa/18.json"},

{"name":"jjjzhy网络合集","url":"https://cors.isteed.cc/https://daili.korice.eu.org/https://raw.githubusercontent.com/vvvzhy/vvvzhy/refs/heads/main/yu/456.txt","version":"jjjzhy网络合集","icon":"https://daili.korice.eu.org/https://raw.githubusercontent.com/qq859/cj/refs/heads/main/%E5%9B%BE%E7%89%87/HYTV.png","copy":"https://cors.isteed.cc/https://daili.korice.eu.org/https://raw.githubusercontent.com/vvvzhy/vvvzhy/refs/heads/main/yu/456.txt"}











]
},

  


{"name":"洪宇直播地址",
"list":[


{"name":"yqk3[vvvvse]","url":"https://daili.korice.eu.org/https://raw.githubusercontent.com/vvvvzhy/vvvzhy/refs/heads/yu/0924/yqk3.m3u","version":"vvvvzhy/vvvzhy","icon":"https://daili.korice.eu.org/https://raw.githubusercontent.com/qq859/cj/refs/heads/main/%E5%9B%BE%E7%89%87/HYTV.png","copy":"https://daili.korice.eu.org/https://raw.githubusercontent.com/vvvvzhy/vvvzhy/refs/heads/yu/0924/yqk3.m3u"},
{"name":"网络YT2[vvvvse]","url":"https://daili.korice.eu.org/https://raw.githubusercontent.com/vvvvzhy/vvvzhy/refs/heads/yu/0924/YT2.txt","version":"vvvvzhy/vvvzhy","icon":"https://daili.korice.eu.org/https://raw.githubusercontent.com/qq859/cj/refs/heads/main/%E5%9B%BE%E7%89%87/HYTV.png","copy":"https://daili.korice.eu.org/https://raw.githubusercontent.com/vvvvzhy/vvvzhy/refs/heads/yu/0924/YT2.txt"}









]
},


{"name":"洪宇全部",
"list":[
{"name":"全部TXT","url":"https://daili.korice.eu.org/https://raw.githubusercontent.com/vvvzhy/vvvzhy/refs/heads/main/yu/[ALL].txt","version":"洪宇的网络爬虫","icon":"https://daili.korice.eu.org/https://raw.githubusercontent.com/qq859/cj/refs/heads/main/%E5%9B%BE%E7%89%87/HYDIY.png","copy":"https://daili.korice.eu.org/https://raw.githubusercontent.com/vvvzhy/vvvzhy/refs/heads/main/yu/[ALL].txt"},

{"name":"123.json","url":"https://daili.korice.eu.org/https://raw.githubusercontent.com/vvvzhy/vvvzhy/refs/heads/main/yu/123.json","version":"洪宇的网络爬虫","icon":"https://daili.korice.eu.org/https://raw.githubusercontent.com/qq859/cj/refs/heads/main/%E5%9B%BE%E7%89%87/HYDIY.png","copy":"https://daili.korice.eu.org/https://raw.githubusercontent.com/vvvzhy/vvvzhy/refs/heads/main/yu/123.json"},

{"name":"123.txt","url":"https://daili.korice.eu.org/https://raw.githubusercontent.com/vvvzhy/vvvzhy/refs/heads/main/yu/123.txt","version":"洪宇的网络爬虫","icon":"https://daili.korice.eu.org/https://raw.githubusercontent.com/qq859/cj/refs/heads/main/%E5%9B%BE%E7%89%87/HYDIY.png","copy":"https://daili.korice.eu.org/https://raw.githubusercontent.com/vvvzhy/vvvzhy/refs/heads/main/yu/123.txt"},

{"name":"all.txt","url":"https://daili.korice.eu.org/https://raw.githubusercontent.com/vvvzhy/vvvzhy/refs/heads/main/yu/all.txt","version":"洪宇的网络爬虫","icon":"https://daili.korice.eu.org/https://raw.githubusercontent.com/qq859/cj/refs/heads/main/%E5%9B%BE%E7%89%87/HYDIY.png","copy":"https://daili.korice.eu.org/https://raw.githubusercontent.com/vvvzhy/vvvzhy/refs/heads/main/yu/all.txt"},

{"name":"all.json","url":"https://daili.korice.eu.org/https://raw.githubusercontent.com/vvvzhy/vvvzhy/refs/heads/main/yu/all.json","version":"洪宇的网络爬虫","icon":"https://daili.korice.eu.org/https://raw.githubusercontent.com/qq859/cj/refs/heads/main/%E5%9B%BE%E7%89%87/HYDIY.png","copy":"https://daili.korice.eu.org/https://raw.githubusercontent.com/vvvzhy/vvvzhy/refs/heads/main/yu/all.json"},

{"name":"yu(1-2-3).json","url":"https://daili.korice.eu.org/https://raw.githubusercontent.com/vvvzhy/vvvzhy/refs/heads/main/yu/yu(1-2-3).json","version":"洪宇的网络爬虫","icon":"https://daili.korice.eu.org/https://raw.githubusercontent.com/qq859/cj/refs/heads/main/%E5%9B%BE%E7%89%87/HYDIY.png","copy":"https://daili.korice.eu.org/https://raw.githubusercontent.com/vvvzhy/vvvzhy/refs/heads/main/yu/yu(1-2-3).json"},

{"name":"yu(1-ALL).json","url":"https://daili.korice.eu.org/https://raw.githubusercontent.com/vvvzhy/vvvzhy/refs/heads/main/yu/yu(1-ALL).json","version":"洪宇的网络爬虫","icon":"https://daili.korice.eu.org/https://raw.githubusercontent.com/qq859/cj/refs/heads/main/%E5%9B%BE%E7%89%87/HYDIY.png","copy":"https://daili.korice.eu.org/https://raw.githubusercontent.com/vvvzhy/vvvzhy/refs/heads/main/yu/yu(1-ALL).json"},

{"name":"yu[1-2-3].json","url":"https://daili.korice.eu.org/https://raw.githubusercontent.com/vvvzhy/vvvzhy/refs/heads/main/yu/yu[1-2-3].json","version":"洪宇的网络爬虫","icon":"https://daili.korice.eu.org/https://raw.githubusercontent.com/qq859/cj/refs/heads/main/%E5%9B%BE%E7%89%87/HYDIY.png","copy":"https://daili.korice.eu.org/https://raw.githubusercontent.com/vvvzhy/vvvzhy/refs/heads/main/yu/yu[1-2-3].json"},

{"name":"yu[1-ALL].json","url":"https://daili.korice.eu.org/https://raw.githubusercontent.com/vvvzhy/vvvzhy/refs/heads/main/yu/yu[1-ALL].json","version":"洪宇的网络爬虫","icon":"https://daili.korice.eu.org/https://raw.githubusercontent.com/qq859/cj/refs/heads/main/%E5%9B%BE%E7%89%87/HYDIY.png","copy":"https://daili.korice.eu.org/https://raw.githubusercontent.com/vvvzhy/vvvzhy/refs/heads/main/yu/yu[1-ALL].json"},

{"name":"yu(18+1).json","url":"https://daili.korice.eu.org/https://raw.githubusercontent.com/vvvzhy/vvvzhy/refs/heads/main/yu/yu(18+1).json","version":"洪宇的网络爬虫","icon":"https://daili.korice.eu.org/https://raw.githubusercontent.com/qq859/cj/refs/heads/main/%E5%9B%BE%E7%89%87/HY18.png","copy":"https://daili.korice.eu.org/https://raw.githubusercontent.com/vvvzhy/vvvzhy/refs/heads/main/yu/yu(18+1).json"},

{"name":"yu(18+2).json","url":"https://daili.korice.eu.org/https://raw.githubusercontent.com/vvvzhy/vvvzhy/refs/heads/main/yu/yu(18+2).json","version":"洪宇的网络爬虫","icon":"https://daili.korice.eu.org/https://raw.githubusercontent.com/qq859/cj/refs/heads/main/%E5%9B%BE%E7%89%87/HY18.png","copy":"https://daili.korice.eu.org/https://raw.githubusercontent.com/vvvzhy/vvvzhy/refs/heads/main/yu/yu(18+2).json"},

{"name":"yu[18+1].json","url":"https://daili.korice.eu.org/https://raw.githubusercontent.com/vvvzhy/vvvzhy/refs/heads/main/yu/yu[18+1].json","version":"洪宇的网络爬虫","icon":"https://daili.korice.eu.org/https://raw.githubusercontent.com/qq859/cj/refs/heads/main/%E5%9B%BE%E7%89%87/HY18.png","copy":"https://daili.korice.eu.org/https://raw.githubusercontent.com/vvvzhy/vvvzhy/refs/heads/main/yu/yu[18+1].json"},

{"name":"yu[18+2].json","url":"https://daili.korice.eu.org/https://raw.githubusercontent.com/vvvzhy/vvvzhy/refs/heads/main/yu/yu[18+2].json","version":"洪宇的网络爬虫","icon":"https://daili.korice.eu.org/https://raw.githubusercontent.com/qq859/cj/refs/heads/main/%E5%9B%BE%E7%89%87/HY18.png","copy":"https://daili.korice.eu.org/https://raw.githubusercontent.com/vvvzhy/vvvzhy/refs/heads/main/yu/yu[18+2].json"},

{"name":"yu/18.json","url":"https://daili.korice.eu.org/https://raw.githubusercontent.com/vvvzhy/vvvzhy/refs/heads/main/yu/18.json","version":"洪宇的网络爬虫","icon":"https://daili.korice.eu.org/https://raw.githubusercontent.com/qq859/cj/refs/heads/main/%E5%9B%BE%E7%89%87/HY18.png","copy":"https://daili.korice.eu.org/https://raw.githubusercontent.com/vvvzhy/vvvzhy/refs/heads/main/yu/18.json"},

{"name":"19.json","url":"https://daili.korice.eu.org/https://raw.githubusercontent.com/vvvzhy/vvvzhy/refs/heads/main/yu/19.json","version":"洪宇的网络爬虫","icon":"https://daili.korice.eu.org/https://raw.githubusercontent.com/qq859/cj/refs/heads/main/%E5%9B%BE%E7%89%87/HY18.png","copy":"https://daili.korice.eu.org/https://raw.githubusercontent.com/vvvzhy/vvvzhy/refs/heads/main/yu/19.json"}









]
}

]
